    [
   {
      "city_name":"도쿄",
      "state":12,
      "celsius":2.3,
      "rainfall_probability":40
   },
   {
      "city_name":"요코하마",
      "state":11,
      "celsius":22.4,
      "rainfall_probability":90
   },
   {
      "city_name":"오사카",
      "state":10,
      "celsius":25.7,
      "rainfall_probability":80
   },
   {
      "city_name":"나고야",
      "state":10,
      "celsius":16.3,
      "rainfall_probability":10
   },
   {
      "city_name":"삿포로",
      "state":13,
      "celsius":-2.3,
      "rainfall_probability":0
   },
   {
      "city_name":"고베",
      "state":10,
      "celsius":17.5,
      "rainfall_probability":50
   },
   {
      "city_name":"교토",
      "state":13,
      "celsius":20.7,
      "rainfall_probability":60
   },
   {
      "city_name":"후쿠오카",
      "state":13,
      "celsius":26.3,
      "rainfall_probability":30
   },
   {
      "city_name":"가와사키",
      "state":13,
      "celsius":24.2,
      "rainfall_probability":0
   },
   {
      "city_name":"사이타마",
      "state":10,
      "celsius":17.3,
      "rainfall_probability":60
   },
   {
      "city_name":"히로시마",
      "state":13,
      "celsius":24.4,
      "rainfall_probability":60
   },
   {
      "city_name":"센다이",
      "state":10,
      "celsius":-2.3,
      "rainfall_probability":40
   },
   {
      "city_name":"기타큐슈",
      "state":11,
      "celsius":21.7,
      "rainfall_probability":50
   },
   {
      "city_name":"지바",
      "state":12,
      "celsius":2.3,
      "rainfall_probability":60
   },
   {
      "city_name":"사카이",
      "state":13,
      "celsius":13.3,
      "rainfall_probability":40
   }
]
